{"Version":1,"ManifestType":"Publish","Endpoints":[{"Route":"asset-manifest.json","AssetFile":"asset-manifest.json","Selectors":[],"ResponseHeaders":[{"Name":"Cache-Control","Value":"no-cache"},{"Name":"Content-Length","Value":"369"},{"Name":"Content-Type","Value":"application/json"},{"Name":"ETag","Value":"\"1xPgBtyecs+KsnNgipk/dxakSwkW5rwc88mkCu4bpC4=\""},{"Name":"Last-Modified","Value":"Thu, 26 Feb 2026 21:54:33 GMT"}],"EndpointProperties":[{"Name":"integrity","Value":"sha256-1xPgBtyecs+KsnNgipk/dxakSwkW5rwc88mkCu4bpC4="}]},{"Route":"asset-manifest.trk034l7kh.json","AssetFile":"asset-manifest.json","Selectors":[],"ResponseHeaders":[{"Name":"Cache-Control","Value":"max-age=31536000, immutable"},{"Name":"Content-Length","Value":"369"},{"Name":"Content-Type","Value":"application/json"},{"Name":"ETag","Value":"\"1xPgBtyecs+KsnNgipk/dxakSwkW5rwc88mkCu4bpC4=\""},{"Name":"Last-Modified","Value":"Thu, 26 Feb 2026 21:54:33 GMT"}],"EndpointProperties":[{"Name":"fingerprint","Value":"trk034l7kh"},{"Name":"integrity","Value":"sha256-1xPgBtyecs+KsnNgipk/dxakSwkW5rwc88mkCu4bpC4="},{"Name":"label","Value":"asset-manifest.json"}]},{"Route":"favicon.ico","AssetFile":"favicon.ico","Selectors":[],"ResponseHeaders":[{"Name":"Cache-Control","Value":"max-age=3600, must-revalidate"},{"Name":"Content-Length","Value":"17482"},{"Name":"Content-Type","Value":"image/x-icon"},{"Name":"ETag","Value":"\"0D8SuHiLTy5q7apIiYx65z7RN0CzIR3AO0d4F8yZ+p4=\""},{"Name":"Last-Modified","Value":"Thu, 26 Feb 2026 21:54:33 GMT"}],"EndpointProperties":[{"Name":"integrity","Value":"sha256-0D8SuHiLTy5q7apIiYx65z7RN0CzIR3AO0d4F8yZ+p4="}]},{"Route":"favicon.oewfusisu0.ico","AssetFile":"favicon.ico","Selectors":[],"ResponseHeaders":[{"Name":"Cache-Control","Value":"max-age=31536000, immutable"},{"Name":"Content-Length","Value":"17482"},{"Name":"Content-Type","Value":"image/x-icon"},{"Name":"ETag","Value":"\"0D8SuHiLTy5q7apIiYx65z7RN0CzIR3AO0d4F8yZ+p4=\""},{"Name":"Last-Modified","Value":"Thu, 26 Feb 2026 21:54:33 GMT"}],"EndpointProperties":[{"Name":"fingerprint","Value":"oewfusisu0"},{"Name":"integrity","Value":"sha256-0D8SuHiLTy5q7apIiYx65z7RN0CzIR3AO0d4F8yZ+p4="},{"Name":"label","Value":"favicon.ico"}]},{"Route":"index.html","AssetFile":"index.html","Selectors":[],"ResponseHeaders":[{"Name":"Cache-Control","Value":"no-cache"},{"Name":"Content-Length","Value":"595"},{"Name":"Content-Type","Value":"text/html"},{"Name":"ETag","Value":"\"x2M79/cJy9ed20HPAzcR+7tXMrZFKFMkBQKGycPK76M=\""},{"Name":"Last-Modified","Value":"Thu, 26 Feb 2026 21:54:33 GMT"}],"EndpointProperties":[{"Name":"integrity","Value":"sha256-x2M79/cJy9ed20HPAzcR+7tXMrZFKFMkBQKGycPK76M="}]},{"Route":"index.xmcdbcogwl.html","AssetFile":"index.html","Selectors":[],"ResponseHeaders":[{"Name":"Cache-Control","Value":"max-age=31536000, immutable"},{"Name":"Content-Length","Value":"595"},{"Name":"Content-Type","Value":"text/html"},{"Name":"ETag","Value":"\"x2M79/cJy9ed20HPAzcR+7tXMrZFKFMkBQKGycPK76M=\""},{"Name":"Last-Modified","Value":"Thu, 26 Feb 2026 21:54:33 GMT"}],"EndpointProperties":[{"Name":"fingerprint","Value":"xmcdbcogwl"},{"Name":"integrity","Value":"sha256-x2M79/cJy9ed20HPAzcR+7tXMrZFKFMkBQKGycPK76M="},{"Name":"label","Value":"index.html"}]},{"Route":"logo.oewfusisu0.webp","AssetFile":"logo.webp","Selectors":[],"ResponseHeaders":[{"Name":"Cache-Control","Value":"max-age=31536000, immutable"},{"Name":"Content-Length","Value":"17482"},{"Name":"Content-Type","Value":"image/webp"},{"Name":"ETag","Value":"\"0D8SuHiLTy5q7apIiYx65z7RN0CzIR3AO0d4F8yZ+p4=\""},{"Name":"Last-Modified","Value":"Thu, 26 Feb 2026 21:54:33 GMT"}],"EndpointProperties":[{"Name":"fingerprint","Value":"oewfusisu0"},{"Name":"integrity","Value":"sha256-0D8SuHiLTy5q7apIiYx65z7RN0CzIR3AO0d4F8yZ+p4="},{"Name":"label","Value":"logo.webp"}]},{"Route":"logo.webp","AssetFile":"logo.webp","Selectors":[],"ResponseHeaders":[{"Name":"Cache-Control","Value":"max-age=3600, must-revalidate"},{"Name":"Content-Length","Value":"17482"},{"Name":"Content-Type","Value":"image/webp"},{"Name":"ETag","Value":"\"0D8SuHiLTy5q7apIiYx65z7RN0CzIR3AO0d4F8yZ+p4=\""},{"Name":"Last-Modified","Value":"Thu, 26 Feb 2026 21:54:33 GMT"}],"EndpointProperties":[{"Name":"integrity","Value":"sha256-0D8SuHiLTy5q7apIiYx65z7RN0CzIR3AO0d4F8yZ+p4="}]},{"Route":"logo192.oewfusisu0.png","AssetFile":"logo192.png","Selectors":[],"ResponseHeaders":[{"Name":"Cache-Control","Value":"max-age=31536000, immutable"},{"Name":"Content-Length","Value":"17482"},{"Name":"Content-Type","Value":"image/png"},{"Name":"ETag","Value":"\"0D8SuHiLTy5q7apIiYx65z7RN0CzIR3AO0d4F8yZ+p4=\""},{"Name":"Last-Modified","Value":"Thu, 26 Feb 2026 21:54:33 GMT"}],"EndpointProperties":[{"Name":"fingerprint","Value":"oewfusisu0"},{"Name":"integrity","Value":"sha256-0D8SuHiLTy5q7apIiYx65z7RN0CzIR3AO0d4F8yZ+p4="},{"Name":"label","Value":"logo192.png"}]},{"Route":"logo192.png","AssetFile":"logo192.png","Selectors":[],"ResponseHeaders":[{"Name":"Cache-Control","Value":"max-age=3600, must-revalidate"},{"Name":"Content-Length","Value":"17482"},{"Name":"Content-Type","Value":"image/png"},{"Name":"ETag","Value":"\"0D8SuHiLTy5q7apIiYx65z7RN0CzIR3AO0d4F8yZ+p4=\""},{"Name":"Last-Modified","Value":"Thu, 26 Feb 2026 21:54:33 GMT"}],"EndpointProperties":[{"Name":"integrity","Value":"sha256-0D8SuHiLTy5q7apIiYx65z7RN0CzIR3AO0d4F8yZ+p4="}]},{"Route":"static/css/main.9ff60c10.css","AssetFile":"static/css/main.9ff60c10.css","Selectors":[],"ResponseHeaders":[{"Name":"Cache-Control","Value":"no-cache"},{"Name":"Content-Length","Value":"93889"},{"Name":"Content-Type","Value":"text/css"},{"Name":"ETag","Value":"\"xAK0RJ3cvJqvI0rNbMD0IHR9rlPF0lM1O28PsauiQp0=\""},{"Name":"Last-Modified","Value":"Thu, 26 Feb 2026 21:54:33 GMT"}],"EndpointProperties":[{"Name":"integrity","Value":"sha256-xAK0RJ3cvJqvI0rNbMD0IHR9rlPF0lM1O28PsauiQp0="}]},{"Route":"static/css/main.9ff60c10.css.38idcjzsgu.map","AssetFile":"static/css/main.9ff60c10.css.map","Selectors":[],"ResponseHeaders":[{"Name":"Cache-Control","Value":"max-age=31536000, immutable"},{"Name":"Content-Length","Value":"170782"},{"Name":"Content-Type","Value":"text/plain"},{"Name":"ETag","Value":"\"fXqiO5TfvIXv+OOtNbipHRFA+r7+cxlDUl2SA5aS3r0=\""},{"Name":"Last-Modified","Value":"Thu, 26 Feb 2026 21:54:33 GMT"}],"EndpointProperties":[{"Name":"fingerprint","Value":"38idcjzsgu"},{"Name":"integrity","Value":"sha256-fXqiO5TfvIXv+OOtNbipHRFA+r7+cxlDUl2SA5aS3r0="},{"Name":"label","Value":"static/css/main.9ff60c10.css.map"}]},{"Route":"static/css/main.9ff60c10.css.map","AssetFile":"static/css/main.9ff60c10.css.map","Selectors":[],"ResponseHeaders":[{"Name":"Cache-Control","Value":"no-cache"},{"Name":"Content-Length","Value":"170782"},{"Name":"Content-Type","Value":"text/plain"},{"Name":"ETag","Value":"\"fXqiO5TfvIXv+OOtNbipHRFA+r7+cxlDUl2SA5aS3r0=\""},{"Name":"Last-Modified","Value":"Thu, 26 Feb 2026 21:54:33 GMT"}],"EndpointProperties":[{"Name":"integrity","Value":"sha256-fXqiO5TfvIXv+OOtNbipHRFA+r7+cxlDUl2SA5aS3r0="}]},{"Route":"static/css/main.9ff60c10.w7iwtzrunw.css","AssetFile":"static/css/main.9ff60c10.css","Selectors":[],"ResponseHeaders":[{"Name":"Cache-Control","Value":"max-age=31536000, immutable"},{"Name":"Content-Length","Value":"93889"},{"Name":"Content-Type","Value":"text/css"},{"Name":"ETag","Value":"\"xAK0RJ3cvJqvI0rNbMD0IHR9rlPF0lM1O28PsauiQp0=\""},{"Name":"Last-Modified","Value":"Thu, 26 Feb 2026 21:54:33 GMT"}],"EndpointProperties":[{"Name":"fingerprint","Value":"w7iwtzrunw"},{"Name":"integrity","Value":"sha256-xAK0RJ3cvJqvI0rNbMD0IHR9rlPF0lM1O28PsauiQp0="},{"Name":"label","Value":"static/css/main.9ff60c10.css"}]},{"Route":"static/css/main.df4522e9.css","AssetFile":"static/css/main.df4522e9.css","Selectors":[],"ResponseHeaders":[{"Name":"Cache-Control","Value":"no-cache"},{"Name":"Content-Length","Value":"101472"},{"Name":"Content-Type","Value":"text/css"},{"Name":"ETag","Value":"\"/lt+q33nU1aa0mZYrTkFSpTX5+JkPGl9BFeIwrrEmoc=\""},{"Name":"Last-Modified","Value":"Thu, 26 Feb 2026 21:54:33 GMT"}],"EndpointProperties":[{"Name":"integrity","Value":"sha256-/lt+q33nU1aa0mZYrTkFSpTX5+JkPGl9BFeIwrrEmoc="}]},{"Route":"static/css/main.df4522e9.css.map","AssetFile":"static/css/main.df4522e9.css.map","Selectors":[],"ResponseHeaders":[{"Name":"Cache-Control","Value":"no-cache"},{"Name":"Content-Length","Value":"199338"},{"Name":"Content-Type","Value":"text/plain"},{"Name":"ETag","Value":"\"8Nc5iN2ZSL9AeWRNR3ktruyVuB+VeNoWDDKWBzMKSAo=\""},{"Name":"Last-Modified","Value":"Thu, 26 Feb 2026 21:54:33 GMT"}],"EndpointProperties":[{"Name":"integrity","Value":"sha256-8Nc5iN2ZSL9AeWRNR3ktruyVuB+VeNoWDDKWBzMKSAo="}]},{"Route":"static/css/main.df4522e9.css.wgl50jv32v.map","AssetFile":"static/css/main.df4522e9.css.map","Selectors":[],"ResponseHeaders":[{"Name":"Cache-Control","Value":"max-age=31536000, immutable"},{"Name":"Content-Length","Value":"199338"},{"Name":"Content-Type","Value":"text/plain"},{"Name":"ETag","Value":"\"8Nc5iN2ZSL9AeWRNR3ktruyVuB+VeNoWDDKWBzMKSAo=\""},{"Name":"Last-Modified","Value":"Thu, 26 Feb 2026 21:54:33 GMT"}],"EndpointProperties":[{"Name":"fingerprint","Value":"wgl50jv32v"},{"Name":"integrity","Value":"sha256-8Nc5iN2ZSL9AeWRNR3ktruyVuB+VeNoWDDKWBzMKSAo="},{"Name":"label","Value":"static/css/main.df4522e9.css.map"}]},{"Route":"static/css/main.df4522e9.i8p5l4lyoc.css","AssetFile":"static/css/main.df4522e9.css","Selectors":[],"ResponseHeaders":[{"Name":"Cache-Control","Value":"max-age=31536000, immutable"},{"Name":"Content-Length","Value":"101472"},{"Name":"Content-Type","Value":"text/css"},{"Name":"ETag","Value":"\"/lt+q33nU1aa0mZYrTkFSpTX5+JkPGl9BFeIwrrEmoc=\""},{"Name":"Last-Modified","Value":"Thu, 26 Feb 2026 21:54:33 GMT"}],"EndpointProperties":[{"Name":"fingerprint","Value":"i8p5l4lyoc"},{"Name":"integrity","Value":"sha256-/lt+q33nU1aa0mZYrTkFSpTX5+JkPGl9BFeIwrrEmoc="},{"Name":"label","Value":"static/css/main.df4522e9.css"}]},{"Route":"static/js/main.629b3857.brg15lbpbr.js","AssetFile":"static/js/main.629b3857.js","Selectors":[],"ResponseHeaders":[{"Name":"Cache-Control","Value":"max-age=31536000, immutable"},{"Name":"Content-Length","Value":"748108"},{"Name":"Content-Type","Value":"text/javascript"},{"Name":"ETag","Value":"\"6WvOpRjZ7JGssdW+o2pinZTepczeI7wWuwsqradR93o=\""},{"Name":"Last-Modified","Value":"Thu, 26 Feb 2026 21:54:33 GMT"}],"EndpointProperties":[{"Name":"fingerprint","Value":"brg15lbpbr"},{"Name":"integrity","Value":"sha256-6WvOpRjZ7JGssdW+o2pinZTepczeI7wWuwsqradR93o="},{"Name":"label","Value":"static/js/main.629b3857.js"}]},{"Route":"static/js/main.629b3857.js","AssetFile":"static/js/main.629b3857.js","Selectors":[],"ResponseHeaders":[{"Name":"Cache-Control","Value":"no-cache"},{"Name":"Content-Length","Value":"748108"},{"Name":"Content-Type","Value":"text/javascript"},{"Name":"ETag","Value":"\"6WvOpRjZ7JGssdW+o2pinZTepczeI7wWuwsqradR93o=\""},{"Name":"Last-Modified","Value":"Thu, 26 Feb 2026 21:54:33 GMT"}],"EndpointProperties":[{"Name":"integrity","Value":"sha256-6WvOpRjZ7JGssdW+o2pinZTepczeI7wWuwsqradR93o="}]},{"Route":"static/js/main.629b3857.js.LICENSE.txt","AssetFile":"static/js/main.629b3857.js.LICENSE.txt","Selectors":[],"ResponseHeaders":[{"Name":"Cache-Control","Value":"no-cache"},{"Name":"Content-Length","Value":"1790"},{"Name":"Content-Type","Value":"text/plain"},{"Name":"ETag","Value":"\"umsMf1chNORXbZqpnrFdtCegU/lq7FRmMVoRJrlj9S8=\""},{"Name":"Last-Modified","Value":"Thu, 26 Feb 2026 21:54:33 GMT"}],"EndpointProperties":[{"Name":"integrity","Value":"sha256-umsMf1chNORXbZqpnrFdtCegU/lq7FRmMVoRJrlj9S8="}]},{"Route":"static/js/main.629b3857.js.LICENSE.yeqwyvivrg.txt","AssetFile":"static/js/main.629b3857.js.LICENSE.txt","Selectors":[],"ResponseHeaders":[{"Name":"Cache-Control","Value":"max-age=31536000, immutable"},{"Name":"Content-Length","Value":"1790"},{"Name":"Content-Type","Value":"text/plain"},{"Name":"ETag","Value":"\"umsMf1chNORXbZqpnrFdtCegU/lq7FRmMVoRJrlj9S8=\""},{"Name":"Last-Modified","Value":"Thu, 26 Feb 2026 21:54:33 GMT"}],"EndpointProperties":[{"Name":"fingerprint","Value":"yeqwyvivrg"},{"Name":"integrity","Value":"sha256-umsMf1chNORXbZqpnrFdtCegU/lq7FRmMVoRJrlj9S8="},{"Name":"label","Value":"static/js/main.629b3857.js.LICENSE.txt"}]},{"Route":"static/js/main.629b3857.js.jyn0sr4n92.map","AssetFile":"static/js/main.629b3857.js.map","Selectors":[],"ResponseHeaders":[{"Name":"Cache-Control","Value":"max-age=31536000, immutable"},{"Name":"Content-Length","Value":"3159680"},{"Name":"Content-Type","Value":"text/plain"},{"Name":"ETag","Value":"\"tZ7dqNoH0Dqw7HE0NhX6pm4A3Y/G3QdGDVnFmAlRYxw=\""},{"Name":"Last-Modified","Value":"Thu, 26 Feb 2026 21:54:33 GMT"}],"EndpointProperties":[{"Name":"fingerprint","Value":"jyn0sr4n92"},{"Name":"integrity","Value":"sha256-tZ7dqNoH0Dqw7HE0NhX6pm4A3Y/G3QdGDVnFmAlRYxw="},{"Name":"label","Value":"static/js/main.629b3857.js.map"}]},{"Route":"static/js/main.629b3857.js.map","AssetFile":"static/js/main.629b3857.js.map","Selectors":[],"ResponseHeaders":[{"Name":"Cache-Control","Value":"no-cache"},{"Name":"Content-Length","Value":"3159680"},{"Name":"Content-Type","Value":"text/plain"},{"Name":"ETag","Value":"\"tZ7dqNoH0Dqw7HE0NhX6pm4A3Y/G3QdGDVnFmAlRYxw=\""},{"Name":"Last-Modified","Value":"Thu, 26 Feb 2026 21:54:33 GMT"}],"EndpointProperties":[{"Name":"integrity","Value":"sha256-tZ7dqNoH0Dqw7HE0NhX6pm4A3Y/G3QdGDVnFmAlRYxw="}]},{"Route":"winget-seed.json","AssetFile":"winget-seed.json","Selectors":[],"ResponseHeaders":[{"Name":"Cache-Control","Value":"no-cache"},{"Name":"Content-Length","Value":"764560"},{"Name":"Content-Type","Value":"application/json"},{"Name":"ETag","Value":"\"YcrqXOX39mEzIFcjlf+Eh4x3oQQlAriDLD+Hltm3OOs=\""},{"Name":"Last-Modified","Value":"Thu, 26 Feb 2026 21:54:33 GMT"}],"EndpointProperties":[{"Name":"integrity","Value":"sha256-YcrqXOX39mEzIFcjlf+Eh4x3oQQlAriDLD+Hltm3OOs="}]},{"Route":"winget-seed.pyo0kmub7m.json","AssetFile":"winget-seed.json","Selectors":[],"ResponseHeaders":[{"Name":"Cache-Control","Value":"max-age=31536000, immutable"},{"Name":"Content-Length","Value":"764560"},{"Name":"Content-Type","Value":"application/json"},{"Name":"ETag","Value":"\"YcrqXOX39mEzIFcjlf+Eh4x3oQQlAriDLD+Hltm3OOs=\""},{"Name":"Last-Modified","Value":"Thu, 26 Feb 2026 21:54:33 GMT"}],"EndpointProperties":[{"Name":"fingerprint","Value":"pyo0kmub7m"},{"Name":"integrity","Value":"sha256-YcrqXOX39mEzIFcjlf+Eh4x3oQQlAriDLD+Hltm3OOs="},{"Name":"label","Value":"winget-seed.json"}]}]}