{"Version":1,"ManifestType":"Publish","Endpoints":[{"Route":"asset-manifest.3x60elk15q.json","AssetFile":"asset-manifest.json","Selectors":[],"ResponseHeaders":[{"Name":"Cache-Control","Value":"max-age=31536000, immutable"},{"Name":"Content-Length","Value":"369"},{"Name":"Content-Type","Value":"application/json"},{"Name":"ETag","Value":"\"B+UeSz4YcsQN9wk/SEyLcNNXZIvSfYVBHTKPWMZlXX8=\""},{"Name":"Last-Modified","Value":"Fri, 27 Feb 2026 16:34:31 GMT"}],"EndpointProperties":[{"Name":"fingerprint","Value":"3x60elk15q"},{"Name":"integrity","Value":"sha256-B+UeSz4YcsQN9wk/SEyLcNNXZIvSfYVBHTKPWMZlXX8="},{"Name":"label","Value":"asset-manifest.json"}]},{"Route":"asset-manifest.json","AssetFile":"asset-manifest.json","Selectors":[],"ResponseHeaders":[{"Name":"Cache-Control","Value":"no-cache"},{"Name":"Content-Length","Value":"369"},{"Name":"Content-Type","Value":"application/json"},{"Name":"ETag","Value":"\"B+UeSz4YcsQN9wk/SEyLcNNXZIvSfYVBHTKPWMZlXX8=\""},{"Name":"Last-Modified","Value":"Fri, 27 Feb 2026 16:34:31 GMT"}],"EndpointProperties":[{"Name":"integrity","Value":"sha256-B+UeSz4YcsQN9wk/SEyLcNNXZIvSfYVBHTKPWMZlXX8="}]},{"Route":"favicon.ico","AssetFile":"favicon.ico","Selectors":[],"ResponseHeaders":[{"Name":"Cache-Control","Value":"max-age=3600, must-revalidate"},{"Name":"Content-Length","Value":"17482"},{"Name":"Content-Type","Value":"image/x-icon"},{"Name":"ETag","Value":"\"0D8SuHiLTy5q7apIiYx65z7RN0CzIR3AO0d4F8yZ+p4=\""},{"Name":"Last-Modified","Value":"Fri, 27 Feb 2026 16:34:31 GMT"}],"EndpointProperties":[{"Name":"integrity","Value":"sha256-0D8SuHiLTy5q7apIiYx65z7RN0CzIR3AO0d4F8yZ+p4="}]},{"Route":"favicon.oewfusisu0.ico","AssetFile":"favicon.ico","Selectors":[],"ResponseHeaders":[{"Name":"Cache-Control","Value":"max-age=31536000, immutable"},{"Name":"Content-Length","Value":"17482"},{"Name":"Content-Type","Value":"image/x-icon"},{"Name":"ETag","Value":"\"0D8SuHiLTy5q7apIiYx65z7RN0CzIR3AO0d4F8yZ+p4=\""},{"Name":"Last-Modified","Value":"Fri, 27 Feb 2026 16:34:31 GMT"}],"EndpointProperties":[{"Name":"fingerprint","Value":"oewfusisu0"},{"Name":"integrity","Value":"sha256-0D8SuHiLTy5q7apIiYx65z7RN0CzIR3AO0d4F8yZ+p4="},{"Name":"label","Value":"favicon.ico"}]},{"Route":"index.feq443znxk.html","AssetFile":"index.html","Selectors":[],"ResponseHeaders":[{"Name":"Cache-Control","Value":"max-age=31536000, immutable"},{"Name":"Content-Length","Value":"595"},{"Name":"Content-Type","Value":"text/html"},{"Name":"ETag","Value":"\"p75xgheekV1tHd81HDCsaio4t9feEkPXOaa3bod420s=\""},{"Name":"Last-Modified","Value":"Fri, 27 Feb 2026 16:34:31 GMT"}],"EndpointProperties":[{"Name":"fingerprint","Value":"feq443znxk"},{"Name":"integrity","Value":"sha256-p75xgheekV1tHd81HDCsaio4t9feEkPXOaa3bod420s="},{"Name":"label","Value":"index.html"}]},{"Route":"index.html","AssetFile":"index.html","Selectors":[],"ResponseHeaders":[{"Name":"Cache-Control","Value":"no-cache"},{"Name":"Content-Length","Value":"595"},{"Name":"Content-Type","Value":"text/html"},{"Name":"ETag","Value":"\"p75xgheekV1tHd81HDCsaio4t9feEkPXOaa3bod420s=\""},{"Name":"Last-Modified","Value":"Fri, 27 Feb 2026 16:34:31 GMT"}],"EndpointProperties":[{"Name":"integrity","Value":"sha256-p75xgheekV1tHd81HDCsaio4t9feEkPXOaa3bod420s="}]},{"Route":"logo.oewfusisu0.webp","AssetFile":"logo.webp","Selectors":[],"ResponseHeaders":[{"Name":"Cache-Control","Value":"max-age=31536000, immutable"},{"Name":"Content-Length","Value":"17482"},{"Name":"Content-Type","Value":"image/webp"},{"Name":"ETag","Value":"\"0D8SuHiLTy5q7apIiYx65z7RN0CzIR3AO0d4F8yZ+p4=\""},{"Name":"Last-Modified","Value":"Fri, 27 Feb 2026 16:34:31 GMT"}],"EndpointProperties":[{"Name":"fingerprint","Value":"oewfusisu0"},{"Name":"integrity","Value":"sha256-0D8SuHiLTy5q7apIiYx65z7RN0CzIR3AO0d4F8yZ+p4="},{"Name":"label","Value":"logo.webp"}]},{"Route":"logo.webp","AssetFile":"logo.webp","Selectors":[],"ResponseHeaders":[{"Name":"Cache-Control","Value":"max-age=3600, must-revalidate"},{"Name":"Content-Length","Value":"17482"},{"Name":"Content-Type","Value":"image/webp"},{"Name":"ETag","Value":"\"0D8SuHiLTy5q7apIiYx65z7RN0CzIR3AO0d4F8yZ+p4=\""},{"Name":"Last-Modified","Value":"Fri, 27 Feb 2026 16:34:31 GMT"}],"EndpointProperties":[{"Name":"integrity","Value":"sha256-0D8SuHiLTy5q7apIiYx65z7RN0CzIR3AO0d4F8yZ+p4="}]},{"Route":"logo192.oewfusisu0.png","AssetFile":"logo192.png","Selectors":[],"ResponseHeaders":[{"Name":"Cache-Control","Value":"max-age=31536000, immutable"},{"Name":"Content-Length","Value":"17482"},{"Name":"Content-Type","Value":"image/png"},{"Name":"ETag","Value":"\"0D8SuHiLTy5q7apIiYx65z7RN0CzIR3AO0d4F8yZ+p4=\""},{"Name":"Last-Modified","Value":"Fri, 27 Feb 2026 16:34:31 GMT"}],"EndpointProperties":[{"Name":"fingerprint","Value":"oewfusisu0"},{"Name":"integrity","Value":"sha256-0D8SuHiLTy5q7apIiYx65z7RN0CzIR3AO0d4F8yZ+p4="},{"Name":"label","Value":"logo192.png"}]},{"Route":"logo192.png","AssetFile":"logo192.png","Selectors":[],"ResponseHeaders":[{"Name":"Cache-Control","Value":"max-age=3600, must-revalidate"},{"Name":"Content-Length","Value":"17482"},{"Name":"Content-Type","Value":"image/png"},{"Name":"ETag","Value":"\"0D8SuHiLTy5q7apIiYx65z7RN0CzIR3AO0d4F8yZ+p4=\""},{"Name":"Last-Modified","Value":"Fri, 27 Feb 2026 16:34:31 GMT"}],"EndpointProperties":[{"Name":"integrity","Value":"sha256-0D8SuHiLTy5q7apIiYx65z7RN0CzIR3AO0d4F8yZ+p4="}]},{"Route":"static/css/main.df4522e9.css","AssetFile":"static/css/main.df4522e9.css","Selectors":[],"ResponseHeaders":[{"Name":"Cache-Control","Value":"no-cache"},{"Name":"Content-Length","Value":"101472"},{"Name":"Content-Type","Value":"text/css"},{"Name":"ETag","Value":"\"/lt+q33nU1aa0mZYrTkFSpTX5+JkPGl9BFeIwrrEmoc=\""},{"Name":"Last-Modified","Value":"Fri, 27 Feb 2026 16:34:31 GMT"}],"EndpointProperties":[{"Name":"integrity","Value":"sha256-/lt+q33nU1aa0mZYrTkFSpTX5+JkPGl9BFeIwrrEmoc="}]},{"Route":"static/css/main.df4522e9.css.map","AssetFile":"static/css/main.df4522e9.css.map","Selectors":[],"ResponseHeaders":[{"Name":"Cache-Control","Value":"no-cache"},{"Name":"Content-Length","Value":"199338"},{"Name":"Content-Type","Value":"text/plain"},{"Name":"ETag","Value":"\"8Nc5iN2ZSL9AeWRNR3ktruyVuB+VeNoWDDKWBzMKSAo=\""},{"Name":"Last-Modified","Value":"Fri, 27 Feb 2026 16:34:31 GMT"}],"EndpointProperties":[{"Name":"integrity","Value":"sha256-8Nc5iN2ZSL9AeWRNR3ktruyVuB+VeNoWDDKWBzMKSAo="}]},{"Route":"static/css/main.df4522e9.css.wgl50jv32v.map","AssetFile":"static/css/main.df4522e9.css.map","Selectors":[],"ResponseHeaders":[{"Name":"Cache-Control","Value":"max-age=31536000, immutable"},{"Name":"Content-Length","Value":"199338"},{"Name":"Content-Type","Value":"text/plain"},{"Name":"ETag","Value":"\"8Nc5iN2ZSL9AeWRNR3ktruyVuB+VeNoWDDKWBzMKSAo=\""},{"Name":"Last-Modified","Value":"Fri, 27 Feb 2026 16:34:31 GMT"}],"EndpointProperties":[{"Name":"fingerprint","Value":"wgl50jv32v"},{"Name":"integrity","Value":"sha256-8Nc5iN2ZSL9AeWRNR3ktruyVuB+VeNoWDDKWBzMKSAo="},{"Name":"label","Value":"static/css/main.df4522e9.css.map"}]},{"Route":"static/css/main.df4522e9.i8p5l4lyoc.css","AssetFile":"static/css/main.df4522e9.css","Selectors":[],"ResponseHeaders":[{"Name":"Cache-Control","Value":"max-age=31536000, immutable"},{"Name":"Content-Length","Value":"101472"},{"Name":"Content-Type","Value":"text/css"},{"Name":"ETag","Value":"\"/lt+q33nU1aa0mZYrTkFSpTX5+JkPGl9BFeIwrrEmoc=\""},{"Name":"Last-Modified","Value":"Fri, 27 Feb 2026 16:34:31 GMT"}],"EndpointProperties":[{"Name":"fingerprint","Value":"i8p5l4lyoc"},{"Name":"integrity","Value":"sha256-/lt+q33nU1aa0mZYrTkFSpTX5+JkPGl9BFeIwrrEmoc="},{"Name":"label","Value":"static/css/main.df4522e9.css"}]},{"Route":"static/js/main.8e7d9cf0.js","AssetFile":"static/js/main.8e7d9cf0.js","Selectors":[],"ResponseHeaders":[{"Name":"Cache-Control","Value":"no-cache"},{"Name":"Content-Length","Value":"749093"},{"Name":"Content-Type","Value":"text/javascript"},{"Name":"ETag","Value":"\"u/W0jRppVw2DLwLhe+SWRkwUJixC59LFRceowBYn+Ho=\""},{"Name":"Last-Modified","Value":"Fri, 27 Feb 2026 16:34:31 GMT"}],"EndpointProperties":[{"Name":"integrity","Value":"sha256-u/W0jRppVw2DLwLhe+SWRkwUJixC59LFRceowBYn+Ho="}]},{"Route":"static/js/main.8e7d9cf0.js.LICENSE.txt","AssetFile":"static/js/main.8e7d9cf0.js.LICENSE.txt","Selectors":[],"ResponseHeaders":[{"Name":"Cache-Control","Value":"no-cache"},{"Name":"Content-Length","Value":"1790"},{"Name":"Content-Type","Value":"text/plain"},{"Name":"ETag","Value":"\"umsMf1chNORXbZqpnrFdtCegU/lq7FRmMVoRJrlj9S8=\""},{"Name":"Last-Modified","Value":"Fri, 27 Feb 2026 16:34:31 GMT"}],"EndpointProperties":[{"Name":"integrity","Value":"sha256-umsMf1chNORXbZqpnrFdtCegU/lq7FRmMVoRJrlj9S8="}]},{"Route":"static/js/main.8e7d9cf0.js.LICENSE.yeqwyvivrg.txt","AssetFile":"static/js/main.8e7d9cf0.js.LICENSE.txt","Selectors":[],"ResponseHeaders":[{"Name":"Cache-Control","Value":"max-age=31536000, immutable"},{"Name":"Content-Length","Value":"1790"},{"Name":"Content-Type","Value":"text/plain"},{"Name":"ETag","Value":"\"umsMf1chNORXbZqpnrFdtCegU/lq7FRmMVoRJrlj9S8=\""},{"Name":"Last-Modified","Value":"Fri, 27 Feb 2026 16:34:31 GMT"}],"EndpointProperties":[{"Name":"fingerprint","Value":"yeqwyvivrg"},{"Name":"integrity","Value":"sha256-umsMf1chNORXbZqpnrFdtCegU/lq7FRmMVoRJrlj9S8="},{"Name":"label","Value":"static/js/main.8e7d9cf0.js.LICENSE.txt"}]},{"Route":"static/js/main.8e7d9cf0.js.cd223dlgpj.map","AssetFile":"static/js/main.8e7d9cf0.js.map","Selectors":[],"ResponseHeaders":[{"Name":"Cache-Control","Value":"max-age=31536000, immutable"},{"Name":"Content-Length","Value":"3163018"},{"Name":"Content-Type","Value":"text/plain"},{"Name":"ETag","Value":"\"gP+N28zJqb5cTAReuKXt/kbjFbsAhMLH1yfb7NO9oYI=\""},{"Name":"Last-Modified","Value":"Fri, 27 Feb 2026 16:34:31 GMT"}],"EndpointProperties":[{"Name":"fingerprint","Value":"cd223dlgpj"},{"Name":"integrity","Value":"sha256-gP+N28zJqb5cTAReuKXt/kbjFbsAhMLH1yfb7NO9oYI="},{"Name":"label","Value":"static/js/main.8e7d9cf0.js.map"}]},{"Route":"static/js/main.8e7d9cf0.js.map","AssetFile":"static/js/main.8e7d9cf0.js.map","Selectors":[],"ResponseHeaders":[{"Name":"Cache-Control","Value":"no-cache"},{"Name":"Content-Length","Value":"3163018"},{"Name":"Content-Type","Value":"text/plain"},{"Name":"ETag","Value":"\"gP+N28zJqb5cTAReuKXt/kbjFbsAhMLH1yfb7NO9oYI=\""},{"Name":"Last-Modified","Value":"Fri, 27 Feb 2026 16:34:31 GMT"}],"EndpointProperties":[{"Name":"integrity","Value":"sha256-gP+N28zJqb5cTAReuKXt/kbjFbsAhMLH1yfb7NO9oYI="}]},{"Route":"static/js/main.8e7d9cf0.tm5v0zfmpr.js","AssetFile":"static/js/main.8e7d9cf0.js","Selectors":[],"ResponseHeaders":[{"Name":"Cache-Control","Value":"max-age=31536000, immutable"},{"Name":"Content-Length","Value":"749093"},{"Name":"Content-Type","Value":"text/javascript"},{"Name":"ETag","Value":"\"u/W0jRppVw2DLwLhe+SWRkwUJixC59LFRceowBYn+Ho=\""},{"Name":"Last-Modified","Value":"Fri, 27 Feb 2026 16:34:31 GMT"}],"EndpointProperties":[{"Name":"fingerprint","Value":"tm5v0zfmpr"},{"Name":"integrity","Value":"sha256-u/W0jRppVw2DLwLhe+SWRkwUJixC59LFRceowBYn+Ho="},{"Name":"label","Value":"static/js/main.8e7d9cf0.js"}]},{"Route":"winget-seed.json","AssetFile":"winget-seed.json","Selectors":[],"ResponseHeaders":[{"Name":"Cache-Control","Value":"no-cache"},{"Name":"Content-Length","Value":"764560"},{"Name":"Content-Type","Value":"application/json"},{"Name":"ETag","Value":"\"YcrqXOX39mEzIFcjlf+Eh4x3oQQlAriDLD+Hltm3OOs=\""},{"Name":"Last-Modified","Value":"Fri, 27 Feb 2026 16:34:31 GMT"}],"EndpointProperties":[{"Name":"integrity","Value":"sha256-YcrqXOX39mEzIFcjlf+Eh4x3oQQlAriDLD+Hltm3OOs="}]},{"Route":"winget-seed.pyo0kmub7m.json","AssetFile":"winget-seed.json","Selectors":[],"ResponseHeaders":[{"Name":"Cache-Control","Value":"max-age=31536000, immutable"},{"Name":"Content-Length","Value":"764560"},{"Name":"Content-Type","Value":"application/json"},{"Name":"ETag","Value":"\"YcrqXOX39mEzIFcjlf+Eh4x3oQQlAriDLD+Hltm3OOs=\""},{"Name":"Last-Modified","Value":"Fri, 27 Feb 2026 16:34:31 GMT"}],"EndpointProperties":[{"Name":"fingerprint","Value":"pyo0kmub7m"},{"Name":"integrity","Value":"sha256-YcrqXOX39mEzIFcjlf+Eh4x3oQQlAriDLD+Hltm3OOs="},{"Name":"label","Value":"winget-seed.json"}]}]}