{"Version":1,"ManifestType":"Publish","Endpoints":[{"Route":"asset-manifest.0ni9a7bx7a.json","AssetFile":"asset-manifest.json","Selectors":[],"ResponseHeaders":[{"Name":"Cache-Control","Value":"max-age=31536000, immutable"},{"Name":"Content-Length","Value":"369"},{"Name":"Content-Type","Value":"application/json"},{"Name":"ETag","Value":"\"nHwcQ/dfVSR0Ixc/mnaGM3OIWdmngbhOhnrimx+olQ0=\""},{"Name":"Last-Modified","Value":"Fri, 27 Feb 2026 16:15:09 GMT"}],"EndpointProperties":[{"Name":"fingerprint","Value":"0ni9a7bx7a"},{"Name":"integrity","Value":"sha256-nHwcQ/dfVSR0Ixc/mnaGM3OIWdmngbhOhnrimx+olQ0="},{"Name":"label","Value":"asset-manifest.json"}]},{"Route":"asset-manifest.json","AssetFile":"asset-manifest.json","Selectors":[],"ResponseHeaders":[{"Name":"Cache-Control","Value":"no-cache"},{"Name":"Content-Length","Value":"369"},{"Name":"Content-Type","Value":"application/json"},{"Name":"ETag","Value":"\"nHwcQ/dfVSR0Ixc/mnaGM3OIWdmngbhOhnrimx+olQ0=\""},{"Name":"Last-Modified","Value":"Fri, 27 Feb 2026 16:15:09 GMT"}],"EndpointProperties":[{"Name":"integrity","Value":"sha256-nHwcQ/dfVSR0Ixc/mnaGM3OIWdmngbhOhnrimx+olQ0="}]},{"Route":"favicon.ico","AssetFile":"favicon.ico","Selectors":[],"ResponseHeaders":[{"Name":"Cache-Control","Value":"max-age=3600, must-revalidate"},{"Name":"Content-Length","Value":"17482"},{"Name":"Content-Type","Value":"image/x-icon"},{"Name":"ETag","Value":"\"0D8SuHiLTy5q7apIiYx65z7RN0CzIR3AO0d4F8yZ+p4=\""},{"Name":"Last-Modified","Value":"Fri, 27 Feb 2026 16:15:09 GMT"}],"EndpointProperties":[{"Name":"integrity","Value":"sha256-0D8SuHiLTy5q7apIiYx65z7RN0CzIR3AO0d4F8yZ+p4="}]},{"Route":"favicon.oewfusisu0.ico","AssetFile":"favicon.ico","Selectors":[],"ResponseHeaders":[{"Name":"Cache-Control","Value":"max-age=31536000, immutable"},{"Name":"Content-Length","Value":"17482"},{"Name":"Content-Type","Value":"image/x-icon"},{"Name":"ETag","Value":"\"0D8SuHiLTy5q7apIiYx65z7RN0CzIR3AO0d4F8yZ+p4=\""},{"Name":"Last-Modified","Value":"Fri, 27 Feb 2026 16:15:09 GMT"}],"EndpointProperties":[{"Name":"fingerprint","Value":"oewfusisu0"},{"Name":"integrity","Value":"sha256-0D8SuHiLTy5q7apIiYx65z7RN0CzIR3AO0d4F8yZ+p4="},{"Name":"label","Value":"favicon.ico"}]},{"Route":"index.3uwh745bzy.html","AssetFile":"index.html","Selectors":[],"ResponseHeaders":[{"Name":"Cache-Control","Value":"max-age=31536000, immutable"},{"Name":"Content-Length","Value":"595"},{"Name":"Content-Type","Value":"text/html"},{"Name":"ETag","Value":"\"hTiCirqxlFqeZacuMrxCbIBVFwaBZHJ76TNRbBaIdDc=\""},{"Name":"Last-Modified","Value":"Fri, 27 Feb 2026 16:15:09 GMT"}],"EndpointProperties":[{"Name":"fingerprint","Value":"3uwh745bzy"},{"Name":"integrity","Value":"sha256-hTiCirqxlFqeZacuMrxCbIBVFwaBZHJ76TNRbBaIdDc="},{"Name":"label","Value":"index.html"}]},{"Route":"index.html","AssetFile":"index.html","Selectors":[],"ResponseHeaders":[{"Name":"Cache-Control","Value":"no-cache"},{"Name":"Content-Length","Value":"595"},{"Name":"Content-Type","Value":"text/html"},{"Name":"ETag","Value":"\"hTiCirqxlFqeZacuMrxCbIBVFwaBZHJ76TNRbBaIdDc=\""},{"Name":"Last-Modified","Value":"Fri, 27 Feb 2026 16:15:09 GMT"}],"EndpointProperties":[{"Name":"integrity","Value":"sha256-hTiCirqxlFqeZacuMrxCbIBVFwaBZHJ76TNRbBaIdDc="}]},{"Route":"logo.oewfusisu0.webp","AssetFile":"logo.webp","Selectors":[],"ResponseHeaders":[{"Name":"Cache-Control","Value":"max-age=31536000, immutable"},{"Name":"Content-Length","Value":"17482"},{"Name":"Content-Type","Value":"image/webp"},{"Name":"ETag","Value":"\"0D8SuHiLTy5q7apIiYx65z7RN0CzIR3AO0d4F8yZ+p4=\""},{"Name":"Last-Modified","Value":"Fri, 27 Feb 2026 16:15:09 GMT"}],"EndpointProperties":[{"Name":"fingerprint","Value":"oewfusisu0"},{"Name":"integrity","Value":"sha256-0D8SuHiLTy5q7apIiYx65z7RN0CzIR3AO0d4F8yZ+p4="},{"Name":"label","Value":"logo.webp"}]},{"Route":"logo.webp","AssetFile":"logo.webp","Selectors":[],"ResponseHeaders":[{"Name":"Cache-Control","Value":"max-age=3600, must-revalidate"},{"Name":"Content-Length","Value":"17482"},{"Name":"Content-Type","Value":"image/webp"},{"Name":"ETag","Value":"\"0D8SuHiLTy5q7apIiYx65z7RN0CzIR3AO0d4F8yZ+p4=\""},{"Name":"Last-Modified","Value":"Fri, 27 Feb 2026 16:15:09 GMT"}],"EndpointProperties":[{"Name":"integrity","Value":"sha256-0D8SuHiLTy5q7apIiYx65z7RN0CzIR3AO0d4F8yZ+p4="}]},{"Route":"logo192.oewfusisu0.png","AssetFile":"logo192.png","Selectors":[],"ResponseHeaders":[{"Name":"Cache-Control","Value":"max-age=31536000, immutable"},{"Name":"Content-Length","Value":"17482"},{"Name":"Content-Type","Value":"image/png"},{"Name":"ETag","Value":"\"0D8SuHiLTy5q7apIiYx65z7RN0CzIR3AO0d4F8yZ+p4=\""},{"Name":"Last-Modified","Value":"Fri, 27 Feb 2026 16:15:09 GMT"}],"EndpointProperties":[{"Name":"fingerprint","Value":"oewfusisu0"},{"Name":"integrity","Value":"sha256-0D8SuHiLTy5q7apIiYx65z7RN0CzIR3AO0d4F8yZ+p4="},{"Name":"label","Value":"logo192.png"}]},{"Route":"logo192.png","AssetFile":"logo192.png","Selectors":[],"ResponseHeaders":[{"Name":"Cache-Control","Value":"max-age=3600, must-revalidate"},{"Name":"Content-Length","Value":"17482"},{"Name":"Content-Type","Value":"image/png"},{"Name":"ETag","Value":"\"0D8SuHiLTy5q7apIiYx65z7RN0CzIR3AO0d4F8yZ+p4=\""},{"Name":"Last-Modified","Value":"Fri, 27 Feb 2026 16:15:09 GMT"}],"EndpointProperties":[{"Name":"integrity","Value":"sha256-0D8SuHiLTy5q7apIiYx65z7RN0CzIR3AO0d4F8yZ+p4="}]},{"Route":"static/css/main.9ff60c10.css","AssetFile":"static/css/main.9ff60c10.css","Selectors":[],"ResponseHeaders":[{"Name":"Cache-Control","Value":"no-cache"},{"Name":"Content-Length","Value":"93889"},{"Name":"Content-Type","Value":"text/css"},{"Name":"ETag","Value":"\"xAK0RJ3cvJqvI0rNbMD0IHR9rlPF0lM1O28PsauiQp0=\""},{"Name":"Last-Modified","Value":"Fri, 27 Feb 2026 16:15:09 GMT"}],"EndpointProperties":[{"Name":"integrity","Value":"sha256-xAK0RJ3cvJqvI0rNbMD0IHR9rlPF0lM1O28PsauiQp0="}]},{"Route":"static/css/main.9ff60c10.css.38idcjzsgu.map","AssetFile":"static/css/main.9ff60c10.css.map","Selectors":[],"ResponseHeaders":[{"Name":"Cache-Control","Value":"max-age=31536000, immutable"},{"Name":"Content-Length","Value":"170782"},{"Name":"Content-Type","Value":"text/plain"},{"Name":"ETag","Value":"\"fXqiO5TfvIXv+OOtNbipHRFA+r7+cxlDUl2SA5aS3r0=\""},{"Name":"Last-Modified","Value":"Fri, 27 Feb 2026 16:15:09 GMT"}],"EndpointProperties":[{"Name":"fingerprint","Value":"38idcjzsgu"},{"Name":"integrity","Value":"sha256-fXqiO5TfvIXv+OOtNbipHRFA+r7+cxlDUl2SA5aS3r0="},{"Name":"label","Value":"static/css/main.9ff60c10.css.map"}]},{"Route":"static/css/main.9ff60c10.css.map","AssetFile":"static/css/main.9ff60c10.css.map","Selectors":[],"ResponseHeaders":[{"Name":"Cache-Control","Value":"no-cache"},{"Name":"Content-Length","Value":"170782"},{"Name":"Content-Type","Value":"text/plain"},{"Name":"ETag","Value":"\"fXqiO5TfvIXv+OOtNbipHRFA+r7+cxlDUl2SA5aS3r0=\""},{"Name":"Last-Modified","Value":"Fri, 27 Feb 2026 16:15:09 GMT"}],"EndpointProperties":[{"Name":"integrity","Value":"sha256-fXqiO5TfvIXv+OOtNbipHRFA+r7+cxlDUl2SA5aS3r0="}]},{"Route":"static/css/main.9ff60c10.w7iwtzrunw.css","AssetFile":"static/css/main.9ff60c10.css","Selectors":[],"ResponseHeaders":[{"Name":"Cache-Control","Value":"max-age=31536000, immutable"},{"Name":"Content-Length","Value":"93889"},{"Name":"Content-Type","Value":"text/css"},{"Name":"ETag","Value":"\"xAK0RJ3cvJqvI0rNbMD0IHR9rlPF0lM1O28PsauiQp0=\""},{"Name":"Last-Modified","Value":"Fri, 27 Feb 2026 16:15:09 GMT"}],"EndpointProperties":[{"Name":"fingerprint","Value":"w7iwtzrunw"},{"Name":"integrity","Value":"sha256-xAK0RJ3cvJqvI0rNbMD0IHR9rlPF0lM1O28PsauiQp0="},{"Name":"label","Value":"static/css/main.9ff60c10.css"}]},{"Route":"static/css/main.df4522e9.css","AssetFile":"static/css/main.df4522e9.css","Selectors":[],"ResponseHeaders":[{"Name":"Cache-Control","Value":"no-cache"},{"Name":"Content-Length","Value":"101472"},{"Name":"Content-Type","Value":"text/css"},{"Name":"ETag","Value":"\"/lt+q33nU1aa0mZYrTkFSpTX5+JkPGl9BFeIwrrEmoc=\""},{"Name":"Last-Modified","Value":"Fri, 27 Feb 2026 16:15:09 GMT"}],"EndpointProperties":[{"Name":"integrity","Value":"sha256-/lt+q33nU1aa0mZYrTkFSpTX5+JkPGl9BFeIwrrEmoc="}]},{"Route":"static/css/main.df4522e9.css.map","AssetFile":"static/css/main.df4522e9.css.map","Selectors":[],"ResponseHeaders":[{"Name":"Cache-Control","Value":"no-cache"},{"Name":"Content-Length","Value":"199338"},{"Name":"Content-Type","Value":"text/plain"},{"Name":"ETag","Value":"\"8Nc5iN2ZSL9AeWRNR3ktruyVuB+VeNoWDDKWBzMKSAo=\""},{"Name":"Last-Modified","Value":"Fri, 27 Feb 2026 16:15:09 GMT"}],"EndpointProperties":[{"Name":"integrity","Value":"sha256-8Nc5iN2ZSL9AeWRNR3ktruyVuB+VeNoWDDKWBzMKSAo="}]},{"Route":"static/css/main.df4522e9.css.wgl50jv32v.map","AssetFile":"static/css/main.df4522e9.css.map","Selectors":[],"ResponseHeaders":[{"Name":"Cache-Control","Value":"max-age=31536000, immutable"},{"Name":"Content-Length","Value":"199338"},{"Name":"Content-Type","Value":"text/plain"},{"Name":"ETag","Value":"\"8Nc5iN2ZSL9AeWRNR3ktruyVuB+VeNoWDDKWBzMKSAo=\""},{"Name":"Last-Modified","Value":"Fri, 27 Feb 2026 16:15:09 GMT"}],"EndpointProperties":[{"Name":"fingerprint","Value":"wgl50jv32v"},{"Name":"integrity","Value":"sha256-8Nc5iN2ZSL9AeWRNR3ktruyVuB+VeNoWDDKWBzMKSAo="},{"Name":"label","Value":"static/css/main.df4522e9.css.map"}]},{"Route":"static/css/main.df4522e9.i8p5l4lyoc.css","AssetFile":"static/css/main.df4522e9.css","Selectors":[],"ResponseHeaders":[{"Name":"Cache-Control","Value":"max-age=31536000, immutable"},{"Name":"Content-Length","Value":"101472"},{"Name":"Content-Type","Value":"text/css"},{"Name":"ETag","Value":"\"/lt+q33nU1aa0mZYrTkFSpTX5+JkPGl9BFeIwrrEmoc=\""},{"Name":"Last-Modified","Value":"Fri, 27 Feb 2026 16:15:09 GMT"}],"EndpointProperties":[{"Name":"fingerprint","Value":"i8p5l4lyoc"},{"Name":"integrity","Value":"sha256-/lt+q33nU1aa0mZYrTkFSpTX5+JkPGl9BFeIwrrEmoc="},{"Name":"label","Value":"static/css/main.df4522e9.css"}]},{"Route":"static/js/main.6e32dadd.js","AssetFile":"static/js/main.6e32dadd.js","Selectors":[],"ResponseHeaders":[{"Name":"Cache-Control","Value":"no-cache"},{"Name":"Content-Length","Value":"748744"},{"Name":"Content-Type","Value":"text/javascript"},{"Name":"ETag","Value":"\"1kXsZ35nbL2aWV3JLST3RKzIQPrKXz5OX0QShVEsre4=\""},{"Name":"Last-Modified","Value":"Fri, 27 Feb 2026 16:15:09 GMT"}],"EndpointProperties":[{"Name":"integrity","Value":"sha256-1kXsZ35nbL2aWV3JLST3RKzIQPrKXz5OX0QShVEsre4="}]},{"Route":"static/js/main.6e32dadd.js.LICENSE.txt","AssetFile":"static/js/main.6e32dadd.js.LICENSE.txt","Selectors":[],"ResponseHeaders":[{"Name":"Cache-Control","Value":"no-cache"},{"Name":"Content-Length","Value":"1790"},{"Name":"Content-Type","Value":"text/plain"},{"Name":"ETag","Value":"\"umsMf1chNORXbZqpnrFdtCegU/lq7FRmMVoRJrlj9S8=\""},{"Name":"Last-Modified","Value":"Fri, 27 Feb 2026 16:15:09 GMT"}],"EndpointProperties":[{"Name":"integrity","Value":"sha256-umsMf1chNORXbZqpnrFdtCegU/lq7FRmMVoRJrlj9S8="}]},{"Route":"static/js/main.6e32dadd.js.LICENSE.yeqwyvivrg.txt","AssetFile":"static/js/main.6e32dadd.js.LICENSE.txt","Selectors":[],"ResponseHeaders":[{"Name":"Cache-Control","Value":"max-age=31536000, immutable"},{"Name":"Content-Length","Value":"1790"},{"Name":"Content-Type","Value":"text/plain"},{"Name":"ETag","Value":"\"umsMf1chNORXbZqpnrFdtCegU/lq7FRmMVoRJrlj9S8=\""},{"Name":"Last-Modified","Value":"Fri, 27 Feb 2026 16:15:09 GMT"}],"EndpointProperties":[{"Name":"fingerprint","Value":"yeqwyvivrg"},{"Name":"integrity","Value":"sha256-umsMf1chNORXbZqpnrFdtCegU/lq7FRmMVoRJrlj9S8="},{"Name":"label","Value":"static/js/main.6e32dadd.js.LICENSE.txt"}]},{"Route":"static/js/main.6e32dadd.js.map","AssetFile":"static/js/main.6e32dadd.js.map","Selectors":[],"ResponseHeaders":[{"Name":"Cache-Control","Value":"no-cache"},{"Name":"Content-Length","Value":"3161798"},{"Name":"Content-Type","Value":"text/plain"},{"Name":"ETag","Value":"\"Bulb7NIcWahxJIKdrqpI3JTFYxtVReAbmB9kJEmmvfE=\""},{"Name":"Last-Modified","Value":"Fri, 27 Feb 2026 16:15:09 GMT"}],"EndpointProperties":[{"Name":"integrity","Value":"sha256-Bulb7NIcWahxJIKdrqpI3JTFYxtVReAbmB9kJEmmvfE="}]},{"Route":"static/js/main.6e32dadd.js.y9md3x7fjx.map","AssetFile":"static/js/main.6e32dadd.js.map","Selectors":[],"ResponseHeaders":[{"Name":"Cache-Control","Value":"max-age=31536000, immutable"},{"Name":"Content-Length","Value":"3161798"},{"Name":"Content-Type","Value":"text/plain"},{"Name":"ETag","Value":"\"Bulb7NIcWahxJIKdrqpI3JTFYxtVReAbmB9kJEmmvfE=\""},{"Name":"Last-Modified","Value":"Fri, 27 Feb 2026 16:15:09 GMT"}],"EndpointProperties":[{"Name":"fingerprint","Value":"y9md3x7fjx"},{"Name":"integrity","Value":"sha256-Bulb7NIcWahxJIKdrqpI3JTFYxtVReAbmB9kJEmmvfE="},{"Name":"label","Value":"static/js/main.6e32dadd.js.map"}]},{"Route":"static/js/main.6e32dadd.yulq5tl3hh.js","AssetFile":"static/js/main.6e32dadd.js","Selectors":[],"ResponseHeaders":[{"Name":"Cache-Control","Value":"max-age=31536000, immutable"},{"Name":"Content-Length","Value":"748744"},{"Name":"Content-Type","Value":"text/javascript"},{"Name":"ETag","Value":"\"1kXsZ35nbL2aWV3JLST3RKzIQPrKXz5OX0QShVEsre4=\""},{"Name":"Last-Modified","Value":"Fri, 27 Feb 2026 16:15:09 GMT"}],"EndpointProperties":[{"Name":"fingerprint","Value":"yulq5tl3hh"},{"Name":"integrity","Value":"sha256-1kXsZ35nbL2aWV3JLST3RKzIQPrKXz5OX0QShVEsre4="},{"Name":"label","Value":"static/js/main.6e32dadd.js"}]},{"Route":"static/js/main.813e3c68.c1hnuqstt6.js","AssetFile":"static/js/main.813e3c68.js","Selectors":[],"ResponseHeaders":[{"Name":"Cache-Control","Value":"max-age=31536000, immutable"},{"Name":"Content-Length","Value":"748121"},{"Name":"Content-Type","Value":"text/javascript"},{"Name":"ETag","Value":"\"ADwO9yDtynciZkzESSLkSv7ofa7sfmRpdOHwtHkTsN4=\""},{"Name":"Last-Modified","Value":"Fri, 27 Feb 2026 16:15:09 GMT"}],"EndpointProperties":[{"Name":"fingerprint","Value":"c1hnuqstt6"},{"Name":"integrity","Value":"sha256-ADwO9yDtynciZkzESSLkSv7ofa7sfmRpdOHwtHkTsN4="},{"Name":"label","Value":"static/js/main.813e3c68.js"}]},{"Route":"static/js/main.813e3c68.js","AssetFile":"static/js/main.813e3c68.js","Selectors":[],"ResponseHeaders":[{"Name":"Cache-Control","Value":"no-cache"},{"Name":"Content-Length","Value":"748121"},{"Name":"Content-Type","Value":"text/javascript"},{"Name":"ETag","Value":"\"ADwO9yDtynciZkzESSLkSv7ofa7sfmRpdOHwtHkTsN4=\""},{"Name":"Last-Modified","Value":"Fri, 27 Feb 2026 16:15:09 GMT"}],"EndpointProperties":[{"Name":"integrity","Value":"sha256-ADwO9yDtynciZkzESSLkSv7ofa7sfmRpdOHwtHkTsN4="}]},{"Route":"static/js/main.813e3c68.js.3piyf9zu4g.map","AssetFile":"static/js/main.813e3c68.js.map","Selectors":[],"ResponseHeaders":[{"Name":"Cache-Control","Value":"max-age=31536000, immutable"},{"Name":"Content-Length","Value":"3160067"},{"Name":"Content-Type","Value":"text/plain"},{"Name":"ETag","Value":"\"2Yl4+Iu0za7q78hzWROS3gpaQByC9d2xQkAk8l3lJWM=\""},{"Name":"Last-Modified","Value":"Fri, 27 Feb 2026 16:15:09 GMT"}],"EndpointProperties":[{"Name":"fingerprint","Value":"3piyf9zu4g"},{"Name":"integrity","Value":"sha256-2Yl4+Iu0za7q78hzWROS3gpaQByC9d2xQkAk8l3lJWM="},{"Name":"label","Value":"static/js/main.813e3c68.js.map"}]},{"Route":"static/js/main.813e3c68.js.LICENSE.txt","AssetFile":"static/js/main.813e3c68.js.LICENSE.txt","Selectors":[],"ResponseHeaders":[{"Name":"Cache-Control","Value":"no-cache"},{"Name":"Content-Length","Value":"1790"},{"Name":"Content-Type","Value":"text/plain"},{"Name":"ETag","Value":"\"umsMf1chNORXbZqpnrFdtCegU/lq7FRmMVoRJrlj9S8=\""},{"Name":"Last-Modified","Value":"Fri, 27 Feb 2026 16:15:09 GMT"}],"EndpointProperties":[{"Name":"integrity","Value":"sha256-umsMf1chNORXbZqpnrFdtCegU/lq7FRmMVoRJrlj9S8="}]},{"Route":"static/js/main.813e3c68.js.LICENSE.yeqwyvivrg.txt","AssetFile":"static/js/main.813e3c68.js.LICENSE.txt","Selectors":[],"ResponseHeaders":[{"Name":"Cache-Control","Value":"max-age=31536000, immutable"},{"Name":"Content-Length","Value":"1790"},{"Name":"Content-Type","Value":"text/plain"},{"Name":"ETag","Value":"\"umsMf1chNORXbZqpnrFdtCegU/lq7FRmMVoRJrlj9S8=\""},{"Name":"Last-Modified","Value":"Fri, 27 Feb 2026 16:15:09 GMT"}],"EndpointProperties":[{"Name":"fingerprint","Value":"yeqwyvivrg"},{"Name":"integrity","Value":"sha256-umsMf1chNORXbZqpnrFdtCegU/lq7FRmMVoRJrlj9S8="},{"Name":"label","Value":"static/js/main.813e3c68.js.LICENSE.txt"}]},{"Route":"static/js/main.813e3c68.js.map","AssetFile":"static/js/main.813e3c68.js.map","Selectors":[],"ResponseHeaders":[{"Name":"Cache-Control","Value":"no-cache"},{"Name":"Content-Length","Value":"3160067"},{"Name":"Content-Type","Value":"text/plain"},{"Name":"ETag","Value":"\"2Yl4+Iu0za7q78hzWROS3gpaQByC9d2xQkAk8l3lJWM=\""},{"Name":"Last-Modified","Value":"Fri, 27 Feb 2026 16:15:09 GMT"}],"EndpointProperties":[{"Name":"integrity","Value":"sha256-2Yl4+Iu0za7q78hzWROS3gpaQByC9d2xQkAk8l3lJWM="}]},{"Route":"static/js/main.de27e23b.a52kbsrgkw.js","AssetFile":"static/js/main.de27e23b.js","Selectors":[],"ResponseHeaders":[{"Name":"Cache-Control","Value":"max-age=31536000, immutable"},{"Name":"Content-Length","Value":"748695"},{"Name":"Content-Type","Value":"text/javascript"},{"Name":"ETag","Value":"\"Ii3PJmKq3cbMgq1ns6kHvJrrDK/ygfJqOIqUHOUo4LE=\""},{"Name":"Last-Modified","Value":"Fri, 27 Feb 2026 16:15:09 GMT"}],"EndpointProperties":[{"Name":"fingerprint","Value":"a52kbsrgkw"},{"Name":"integrity","Value":"sha256-Ii3PJmKq3cbMgq1ns6kHvJrrDK/ygfJqOIqUHOUo4LE="},{"Name":"label","Value":"static/js/main.de27e23b.js"}]},{"Route":"static/js/main.de27e23b.js","AssetFile":"static/js/main.de27e23b.js","Selectors":[],"ResponseHeaders":[{"Name":"Cache-Control","Value":"no-cache"},{"Name":"Content-Length","Value":"748695"},{"Name":"Content-Type","Value":"text/javascript"},{"Name":"ETag","Value":"\"Ii3PJmKq3cbMgq1ns6kHvJrrDK/ygfJqOIqUHOUo4LE=\""},{"Name":"Last-Modified","Value":"Fri, 27 Feb 2026 16:15:09 GMT"}],"EndpointProperties":[{"Name":"integrity","Value":"sha256-Ii3PJmKq3cbMgq1ns6kHvJrrDK/ygfJqOIqUHOUo4LE="}]},{"Route":"static/js/main.de27e23b.js.LICENSE.txt","AssetFile":"static/js/main.de27e23b.js.LICENSE.txt","Selectors":[],"ResponseHeaders":[{"Name":"Cache-Control","Value":"no-cache"},{"Name":"Content-Length","Value":"1790"},{"Name":"Content-Type","Value":"text/plain"},{"Name":"ETag","Value":"\"umsMf1chNORXbZqpnrFdtCegU/lq7FRmMVoRJrlj9S8=\""},{"Name":"Last-Modified","Value":"Fri, 27 Feb 2026 16:15:09 GMT"}],"EndpointProperties":[{"Name":"integrity","Value":"sha256-umsMf1chNORXbZqpnrFdtCegU/lq7FRmMVoRJrlj9S8="}]},{"Route":"static/js/main.de27e23b.js.LICENSE.yeqwyvivrg.txt","AssetFile":"static/js/main.de27e23b.js.LICENSE.txt","Selectors":[],"ResponseHeaders":[{"Name":"Cache-Control","Value":"max-age=31536000, immutable"},{"Name":"Content-Length","Value":"1790"},{"Name":"Content-Type","Value":"text/plain"},{"Name":"ETag","Value":"\"umsMf1chNORXbZqpnrFdtCegU/lq7FRmMVoRJrlj9S8=\""},{"Name":"Last-Modified","Value":"Fri, 27 Feb 2026 16:15:09 GMT"}],"EndpointProperties":[{"Name":"fingerprint","Value":"yeqwyvivrg"},{"Name":"integrity","Value":"sha256-umsMf1chNORXbZqpnrFdtCegU/lq7FRmMVoRJrlj9S8="},{"Name":"label","Value":"static/js/main.de27e23b.js.LICENSE.txt"}]},{"Route":"static/js/main.de27e23b.js.map","AssetFile":"static/js/main.de27e23b.js.map","Selectors":[],"ResponseHeaders":[{"Name":"Cache-Control","Value":"no-cache"},{"Name":"Content-Length","Value":"3161616"},{"Name":"Content-Type","Value":"text/plain"},{"Name":"ETag","Value":"\"5Ao6vpiKpMV+Oifsd+miywQBm1Fe5DATCqT7wJomlg0=\""},{"Name":"Last-Modified","Value":"Fri, 27 Feb 2026 16:15:09 GMT"}],"EndpointProperties":[{"Name":"integrity","Value":"sha256-5Ao6vpiKpMV+Oifsd+miywQBm1Fe5DATCqT7wJomlg0="}]},{"Route":"static/js/main.de27e23b.js.ob4w9dbyoc.map","AssetFile":"static/js/main.de27e23b.js.map","Selectors":[],"ResponseHeaders":[{"Name":"Cache-Control","Value":"max-age=31536000, immutable"},{"Name":"Content-Length","Value":"3161616"},{"Name":"Content-Type","Value":"text/plain"},{"Name":"ETag","Value":"\"5Ao6vpiKpMV+Oifsd+miywQBm1Fe5DATCqT7wJomlg0=\""},{"Name":"Last-Modified","Value":"Fri, 27 Feb 2026 16:15:09 GMT"}],"EndpointProperties":[{"Name":"fingerprint","Value":"ob4w9dbyoc"},{"Name":"integrity","Value":"sha256-5Ao6vpiKpMV+Oifsd+miywQBm1Fe5DATCqT7wJomlg0="},{"Name":"label","Value":"static/js/main.de27e23b.js.map"}]},{"Route":"winget-seed.json","AssetFile":"winget-seed.json","Selectors":[],"ResponseHeaders":[{"Name":"Cache-Control","Value":"no-cache"},{"Name":"Content-Length","Value":"764560"},{"Name":"Content-Type","Value":"application/json"},{"Name":"ETag","Value":"\"YcrqXOX39mEzIFcjlf+Eh4x3oQQlAriDLD+Hltm3OOs=\""},{"Name":"Last-Modified","Value":"Fri, 27 Feb 2026 16:15:09 GMT"}],"EndpointProperties":[{"Name":"integrity","Value":"sha256-YcrqXOX39mEzIFcjlf+Eh4x3oQQlAriDLD+Hltm3OOs="}]},{"Route":"winget-seed.pyo0kmub7m.json","AssetFile":"winget-seed.json","Selectors":[],"ResponseHeaders":[{"Name":"Cache-Control","Value":"max-age=31536000, immutable"},{"Name":"Content-Length","Value":"764560"},{"Name":"Content-Type","Value":"application/json"},{"Name":"ETag","Value":"\"YcrqXOX39mEzIFcjlf+Eh4x3oQQlAriDLD+Hltm3OOs=\""},{"Name":"Last-Modified","Value":"Fri, 27 Feb 2026 16:15:09 GMT"}],"EndpointProperties":[{"Name":"fingerprint","Value":"pyo0kmub7m"},{"Name":"integrity","Value":"sha256-YcrqXOX39mEzIFcjlf+Eh4x3oQQlAriDLD+Hltm3OOs="},{"Name":"label","Value":"winget-seed.json"}]}]}