{"Version":1,"ManifestType":"Publish","Endpoints":[{"Route":"asset-manifest.json","AssetFile":"asset-manifest.json","Selectors":[],"ResponseHeaders":[{"Name":"Cache-Control","Value":"no-cache"},{"Name":"Content-Length","Value":"369"},{"Name":"Content-Type","Value":"application/json"},{"Name":"ETag","Value":"\"s8j9ySlDpEn6W593nrEbUQMUy28mY4ugqhSO/tIYmOQ=\""},{"Name":"Last-Modified","Value":"Fri, 27 Feb 2026 21:50:11 GMT"}],"EndpointProperties":[{"Name":"integrity","Value":"sha256-s8j9ySlDpEn6W593nrEbUQMUy28mY4ugqhSO/tIYmOQ="}]},{"Route":"asset-manifest.pde6tzc5uy.json","AssetFile":"asset-manifest.json","Selectors":[],"ResponseHeaders":[{"Name":"Cache-Control","Value":"max-age=31536000, immutable"},{"Name":"Content-Length","Value":"369"},{"Name":"Content-Type","Value":"application/json"},{"Name":"ETag","Value":"\"s8j9ySlDpEn6W593nrEbUQMUy28mY4ugqhSO/tIYmOQ=\""},{"Name":"Last-Modified","Value":"Fri, 27 Feb 2026 21:50:11 GMT"}],"EndpointProperties":[{"Name":"fingerprint","Value":"pde6tzc5uy"},{"Name":"integrity","Value":"sha256-s8j9ySlDpEn6W593nrEbUQMUy28mY4ugqhSO/tIYmOQ="},{"Name":"label","Value":"asset-manifest.json"}]},{"Route":"favicon.ico","AssetFile":"favicon.ico","Selectors":[],"ResponseHeaders":[{"Name":"Cache-Control","Value":"max-age=3600, must-revalidate"},{"Name":"Content-Length","Value":"17482"},{"Name":"Content-Type","Value":"image/x-icon"},{"Name":"ETag","Value":"\"0D8SuHiLTy5q7apIiYx65z7RN0CzIR3AO0d4F8yZ+p4=\""},{"Name":"Last-Modified","Value":"Fri, 27 Feb 2026 21:50:11 GMT"}],"EndpointProperties":[{"Name":"integrity","Value":"sha256-0D8SuHiLTy5q7apIiYx65z7RN0CzIR3AO0d4F8yZ+p4="}]},{"Route":"favicon.oewfusisu0.ico","AssetFile":"favicon.ico","Selectors":[],"ResponseHeaders":[{"Name":"Cache-Control","Value":"max-age=31536000, immutable"},{"Name":"Content-Length","Value":"17482"},{"Name":"Content-Type","Value":"image/x-icon"},{"Name":"ETag","Value":"\"0D8SuHiLTy5q7apIiYx65z7RN0CzIR3AO0d4F8yZ+p4=\""},{"Name":"Last-Modified","Value":"Fri, 27 Feb 2026 21:50:11 GMT"}],"EndpointProperties":[{"Name":"fingerprint","Value":"oewfusisu0"},{"Name":"integrity","Value":"sha256-0D8SuHiLTy5q7apIiYx65z7RN0CzIR3AO0d4F8yZ+p4="},{"Name":"label","Value":"favicon.ico"}]},{"Route":"index.3zwl58ze5p.html","AssetFile":"index.html","Selectors":[],"ResponseHeaders":[{"Name":"Cache-Control","Value":"max-age=31536000, immutable"},{"Name":"Content-Length","Value":"595"},{"Name":"Content-Type","Value":"text/html"},{"Name":"ETag","Value":"\"0XDL71Kz44awMfIbUFq5P451fmtoYR53Thhps1a9Uic=\""},{"Name":"Last-Modified","Value":"Fri, 27 Feb 2026 21:50:11 GMT"}],"EndpointProperties":[{"Name":"fingerprint","Value":"3zwl58ze5p"},{"Name":"integrity","Value":"sha256-0XDL71Kz44awMfIbUFq5P451fmtoYR53Thhps1a9Uic="},{"Name":"label","Value":"index.html"}]},{"Route":"index.html","AssetFile":"index.html","Selectors":[],"ResponseHeaders":[{"Name":"Cache-Control","Value":"no-cache"},{"Name":"Content-Length","Value":"595"},{"Name":"Content-Type","Value":"text/html"},{"Name":"ETag","Value":"\"0XDL71Kz44awMfIbUFq5P451fmtoYR53Thhps1a9Uic=\""},{"Name":"Last-Modified","Value":"Fri, 27 Feb 2026 21:50:11 GMT"}],"EndpointProperties":[{"Name":"integrity","Value":"sha256-0XDL71Kz44awMfIbUFq5P451fmtoYR53Thhps1a9Uic="}]},{"Route":"logo.oewfusisu0.webp","AssetFile":"logo.webp","Selectors":[],"ResponseHeaders":[{"Name":"Cache-Control","Value":"max-age=31536000, immutable"},{"Name":"Content-Length","Value":"17482"},{"Name":"Content-Type","Value":"image/webp"},{"Name":"ETag","Value":"\"0D8SuHiLTy5q7apIiYx65z7RN0CzIR3AO0d4F8yZ+p4=\""},{"Name":"Last-Modified","Value":"Fri, 27 Feb 2026 21:50:11 GMT"}],"EndpointProperties":[{"Name":"fingerprint","Value":"oewfusisu0"},{"Name":"integrity","Value":"sha256-0D8SuHiLTy5q7apIiYx65z7RN0CzIR3AO0d4F8yZ+p4="},{"Name":"label","Value":"logo.webp"}]},{"Route":"logo.webp","AssetFile":"logo.webp","Selectors":[],"ResponseHeaders":[{"Name":"Cache-Control","Value":"max-age=3600, must-revalidate"},{"Name":"Content-Length","Value":"17482"},{"Name":"Content-Type","Value":"image/webp"},{"Name":"ETag","Value":"\"0D8SuHiLTy5q7apIiYx65z7RN0CzIR3AO0d4F8yZ+p4=\""},{"Name":"Last-Modified","Value":"Fri, 27 Feb 2026 21:50:11 GMT"}],"EndpointProperties":[{"Name":"integrity","Value":"sha256-0D8SuHiLTy5q7apIiYx65z7RN0CzIR3AO0d4F8yZ+p4="}]},{"Route":"logo192.oewfusisu0.png","AssetFile":"logo192.png","Selectors":[],"ResponseHeaders":[{"Name":"Cache-Control","Value":"max-age=31536000, immutable"},{"Name":"Content-Length","Value":"17482"},{"Name":"Content-Type","Value":"image/png"},{"Name":"ETag","Value":"\"0D8SuHiLTy5q7apIiYx65z7RN0CzIR3AO0d4F8yZ+p4=\""},{"Name":"Last-Modified","Value":"Fri, 27 Feb 2026 21:50:11 GMT"}],"EndpointProperties":[{"Name":"fingerprint","Value":"oewfusisu0"},{"Name":"integrity","Value":"sha256-0D8SuHiLTy5q7apIiYx65z7RN0CzIR3AO0d4F8yZ+p4="},{"Name":"label","Value":"logo192.png"}]},{"Route":"logo192.png","AssetFile":"logo192.png","Selectors":[],"ResponseHeaders":[{"Name":"Cache-Control","Value":"max-age=3600, must-revalidate"},{"Name":"Content-Length","Value":"17482"},{"Name":"Content-Type","Value":"image/png"},{"Name":"ETag","Value":"\"0D8SuHiLTy5q7apIiYx65z7RN0CzIR3AO0d4F8yZ+p4=\""},{"Name":"Last-Modified","Value":"Fri, 27 Feb 2026 21:50:11 GMT"}],"EndpointProperties":[{"Name":"integrity","Value":"sha256-0D8SuHiLTy5q7apIiYx65z7RN0CzIR3AO0d4F8yZ+p4="}]},{"Route":"static/css/main.df4522e9.css","AssetFile":"static/css/main.df4522e9.css","Selectors":[],"ResponseHeaders":[{"Name":"Cache-Control","Value":"no-cache"},{"Name":"Content-Length","Value":"101472"},{"Name":"Content-Type","Value":"text/css"},{"Name":"ETag","Value":"\"/lt+q33nU1aa0mZYrTkFSpTX5+JkPGl9BFeIwrrEmoc=\""},{"Name":"Last-Modified","Value":"Fri, 27 Feb 2026 21:50:11 GMT"}],"EndpointProperties":[{"Name":"integrity","Value":"sha256-/lt+q33nU1aa0mZYrTkFSpTX5+JkPGl9BFeIwrrEmoc="}]},{"Route":"static/css/main.df4522e9.css.map","AssetFile":"static/css/main.df4522e9.css.map","Selectors":[],"ResponseHeaders":[{"Name":"Cache-Control","Value":"no-cache"},{"Name":"Content-Length","Value":"199338"},{"Name":"Content-Type","Value":"text/plain"},{"Name":"ETag","Value":"\"8Nc5iN2ZSL9AeWRNR3ktruyVuB+VeNoWDDKWBzMKSAo=\""},{"Name":"Last-Modified","Value":"Fri, 27 Feb 2026 21:50:11 GMT"}],"EndpointProperties":[{"Name":"integrity","Value":"sha256-8Nc5iN2ZSL9AeWRNR3ktruyVuB+VeNoWDDKWBzMKSAo="}]},{"Route":"static/css/main.df4522e9.css.wgl50jv32v.map","AssetFile":"static/css/main.df4522e9.css.map","Selectors":[],"ResponseHeaders":[{"Name":"Cache-Control","Value":"max-age=31536000, immutable"},{"Name":"Content-Length","Value":"199338"},{"Name":"Content-Type","Value":"text/plain"},{"Name":"ETag","Value":"\"8Nc5iN2ZSL9AeWRNR3ktruyVuB+VeNoWDDKWBzMKSAo=\""},{"Name":"Last-Modified","Value":"Fri, 27 Feb 2026 21:50:11 GMT"}],"EndpointProperties":[{"Name":"fingerprint","Value":"wgl50jv32v"},{"Name":"integrity","Value":"sha256-8Nc5iN2ZSL9AeWRNR3ktruyVuB+VeNoWDDKWBzMKSAo="},{"Name":"label","Value":"static/css/main.df4522e9.css.map"}]},{"Route":"static/css/main.df4522e9.i8p5l4lyoc.css","AssetFile":"static/css/main.df4522e9.css","Selectors":[],"ResponseHeaders":[{"Name":"Cache-Control","Value":"max-age=31536000, immutable"},{"Name":"Content-Length","Value":"101472"},{"Name":"Content-Type","Value":"text/css"},{"Name":"ETag","Value":"\"/lt+q33nU1aa0mZYrTkFSpTX5+JkPGl9BFeIwrrEmoc=\""},{"Name":"Last-Modified","Value":"Fri, 27 Feb 2026 21:50:11 GMT"}],"EndpointProperties":[{"Name":"fingerprint","Value":"i8p5l4lyoc"},{"Name":"integrity","Value":"sha256-/lt+q33nU1aa0mZYrTkFSpTX5+JkPGl9BFeIwrrEmoc="},{"Name":"label","Value":"static/css/main.df4522e9.css"}]},{"Route":"static/js/main.e8b481fc.js","AssetFile":"static/js/main.e8b481fc.js","Selectors":[],"ResponseHeaders":[{"Name":"Cache-Control","Value":"no-cache"},{"Name":"Content-Length","Value":"750397"},{"Name":"Content-Type","Value":"text/javascript"},{"Name":"ETag","Value":"\"1FWQa22Jag0QjuGG4IWyEA45IHWFwpESfeRmmtHjlNs=\""},{"Name":"Last-Modified","Value":"Fri, 27 Feb 2026 21:50:11 GMT"}],"EndpointProperties":[{"Name":"integrity","Value":"sha256-1FWQa22Jag0QjuGG4IWyEA45IHWFwpESfeRmmtHjlNs="}]},{"Route":"static/js/main.e8b481fc.js.LICENSE.txt","AssetFile":"static/js/main.e8b481fc.js.LICENSE.txt","Selectors":[],"ResponseHeaders":[{"Name":"Cache-Control","Value":"no-cache"},{"Name":"Content-Length","Value":"1790"},{"Name":"Content-Type","Value":"text/plain"},{"Name":"ETag","Value":"\"umsMf1chNORXbZqpnrFdtCegU/lq7FRmMVoRJrlj9S8=\""},{"Name":"Last-Modified","Value":"Fri, 27 Feb 2026 21:50:11 GMT"}],"EndpointProperties":[{"Name":"integrity","Value":"sha256-umsMf1chNORXbZqpnrFdtCegU/lq7FRmMVoRJrlj9S8="}]},{"Route":"static/js/main.e8b481fc.js.LICENSE.yeqwyvivrg.txt","AssetFile":"static/js/main.e8b481fc.js.LICENSE.txt","Selectors":[],"ResponseHeaders":[{"Name":"Cache-Control","Value":"max-age=31536000, immutable"},{"Name":"Content-Length","Value":"1790"},{"Name":"Content-Type","Value":"text/plain"},{"Name":"ETag","Value":"\"umsMf1chNORXbZqpnrFdtCegU/lq7FRmMVoRJrlj9S8=\""},{"Name":"Last-Modified","Value":"Fri, 27 Feb 2026 21:50:11 GMT"}],"EndpointProperties":[{"Name":"fingerprint","Value":"yeqwyvivrg"},{"Name":"integrity","Value":"sha256-umsMf1chNORXbZqpnrFdtCegU/lq7FRmMVoRJrlj9S8="},{"Name":"label","Value":"static/js/main.e8b481fc.js.LICENSE.txt"}]},{"Route":"static/js/main.e8b481fc.js.g38hpqnvax.map","AssetFile":"static/js/main.e8b481fc.js.map","Selectors":[],"ResponseHeaders":[{"Name":"Cache-Control","Value":"max-age=31536000, immutable"},{"Name":"Content-Length","Value":"3167486"},{"Name":"Content-Type","Value":"text/plain"},{"Name":"ETag","Value":"\"PNQT0Uz2JM4IpNSoejRn5SPBLGp9CCBeORnoAwnYWPE=\""},{"Name":"Last-Modified","Value":"Fri, 27 Feb 2026 21:50:11 GMT"}],"EndpointProperties":[{"Name":"fingerprint","Value":"g38hpqnvax"},{"Name":"integrity","Value":"sha256-PNQT0Uz2JM4IpNSoejRn5SPBLGp9CCBeORnoAwnYWPE="},{"Name":"label","Value":"static/js/main.e8b481fc.js.map"}]},{"Route":"static/js/main.e8b481fc.js.map","AssetFile":"static/js/main.e8b481fc.js.map","Selectors":[],"ResponseHeaders":[{"Name":"Cache-Control","Value":"no-cache"},{"Name":"Content-Length","Value":"3167486"},{"Name":"Content-Type","Value":"text/plain"},{"Name":"ETag","Value":"\"PNQT0Uz2JM4IpNSoejRn5SPBLGp9CCBeORnoAwnYWPE=\""},{"Name":"Last-Modified","Value":"Fri, 27 Feb 2026 21:50:11 GMT"}],"EndpointProperties":[{"Name":"integrity","Value":"sha256-PNQT0Uz2JM4IpNSoejRn5SPBLGp9CCBeORnoAwnYWPE="}]},{"Route":"static/js/main.e8b481fc.k4v9cldubn.js","AssetFile":"static/js/main.e8b481fc.js","Selectors":[],"ResponseHeaders":[{"Name":"Cache-Control","Value":"max-age=31536000, immutable"},{"Name":"Content-Length","Value":"750397"},{"Name":"Content-Type","Value":"text/javascript"},{"Name":"ETag","Value":"\"1FWQa22Jag0QjuGG4IWyEA45IHWFwpESfeRmmtHjlNs=\""},{"Name":"Last-Modified","Value":"Fri, 27 Feb 2026 21:50:11 GMT"}],"EndpointProperties":[{"Name":"fingerprint","Value":"k4v9cldubn"},{"Name":"integrity","Value":"sha256-1FWQa22Jag0QjuGG4IWyEA45IHWFwpESfeRmmtHjlNs="},{"Name":"label","Value":"static/js/main.e8b481fc.js"}]},{"Route":"winget-seed.json","AssetFile":"winget-seed.json","Selectors":[],"ResponseHeaders":[{"Name":"Cache-Control","Value":"no-cache"},{"Name":"Content-Length","Value":"764560"},{"Name":"Content-Type","Value":"application/json"},{"Name":"ETag","Value":"\"YcrqXOX39mEzIFcjlf+Eh4x3oQQlAriDLD+Hltm3OOs=\""},{"Name":"Last-Modified","Value":"Fri, 27 Feb 2026 21:50:11 GMT"}],"EndpointProperties":[{"Name":"integrity","Value":"sha256-YcrqXOX39mEzIFcjlf+Eh4x3oQQlAriDLD+Hltm3OOs="}]},{"Route":"winget-seed.pyo0kmub7m.json","AssetFile":"winget-seed.json","Selectors":[],"ResponseHeaders":[{"Name":"Cache-Control","Value":"max-age=31536000, immutable"},{"Name":"Content-Length","Value":"764560"},{"Name":"Content-Type","Value":"application/json"},{"Name":"ETag","Value":"\"YcrqXOX39mEzIFcjlf+Eh4x3oQQlAriDLD+Hltm3OOs=\""},{"Name":"Last-Modified","Value":"Fri, 27 Feb 2026 21:50:11 GMT"}],"EndpointProperties":[{"Name":"fingerprint","Value":"pyo0kmub7m"},{"Name":"integrity","Value":"sha256-YcrqXOX39mEzIFcjlf+Eh4x3oQQlAriDLD+Hltm3OOs="},{"Name":"label","Value":"winget-seed.json"}]}]}